opex_id,region_id,month_id,category,amount
1,1,202401,Salaries & Wages,19703.94
2,1,202401,Rent & Utilities,8801.82
3,1,202401,Marketing,4184.58
4,1,202401,Logistics,3105.44
5,1,202401,Depreciation & Amortization,2802.83
6,1,202401,Other Admin,1903.42
7,1,202402,Salaries & Wages,18674.65
8,1,202402,Rent & Utilities,8722.11
9,1,202402,Marketing,4164.29
10,1,202402,Logistics,3096.38
11,1,202402,Depreciation & Amortization,2722.77
12,1,202402,Other Admin,2002.27
13,1,202403,Salaries & Wages,19118.05
14,1,202403,Rent & Utilities,8726.14
15,1,202403,Marketing,3823.59
16,1,202403,Logistics,3121.33
17,1,202403,Depreciation & Amortization,2806.28
18,1,202403,Other Admin,1908.8
19,1,202404,Salaries & Wages,18280.94
20,1,202404,Rent & Utilities,9106.54
21,1,202404,Marketing,3933.29
22,1,202404,Logistics,3047.97
23,1,202404,Depreciation & Amortization,2724.74
24,1,202404,Other Admin,1907.29
25,1,202405,Salaries & Wages,19073.43
26,1,202405,Rent & Utilities,8700.24
27,1,202405,Marketing,3810.13
28,1,202405,Logistics,3139.44
29,1,202405,Depreciation & Amortization,2903.61
30,1,202405,Other Admin,1957.92
31,1,202406,Salaries & Wages,19159.33
32,1,202406,Rent & Utilities,8975.57
33,1,202406,Marketing,4066.65
34,1,202406,Logistics,3123.67
35,1,202406,Depreciation & Amortization,2762.12
36,1,202406,Other Admin,2004.54
37,1,202407,Salaries & Wages,20117.07
38,1,202407,Rent & Utilities,8615.83
39,1,202407,Marketing,4008.04
40,1,202407,Logistics,3253.12
41,1,202407,Depreciation & Amortization,2889.35
42,1,202407,Other Admin,1938.24
43,1,202408,Salaries & Wages,18575.2
44,1,202408,Rent & Utilities,8517.33
45,1,202408,Marketing,4039.59
46,1,202408,Logistics,3352.23
47,1,202408,Depreciation & Amortization,2802.96
48,1,202408,Other Admin,1954.18
49,1,202409,Salaries & Wages,20118.44
50,1,202409,Rent & Utilities,8565.07
51,1,202409,Marketing,4030.64
52,1,202409,Logistics,3106.02
53,1,202409,Depreciation & Amortization,2928.98
54,1,202409,Other Admin,2099.25
55,1,202410,Salaries & Wages,19171.21
56,1,202410,Rent & Utilities,8697.87
57,1,202410,Marketing,4010.33
58,1,202410,Logistics,3180.33
59,1,202410,Depreciation & Amortization,2840.09
60,1,202410,Other Admin,2041.4
61,1,202411,Salaries & Wages,18331.96
62,1,202411,Rent & Utilities,9062.59
63,1,202411,Marketing,3872.46
64,1,202411,Logistics,3158.9
65,1,202411,Depreciation & Amortization,2664.98
66,1,202411,Other Admin,1924.79
67,1,202412,Salaries & Wages,19567.29
68,1,202412,Rent & Utilities,8944.0
69,1,202412,Marketing,4106.88
70,1,202412,Logistics,3258.59
71,1,202412,Depreciation & Amortization,2788.18
72,1,202412,Other Admin,1959.42
73,1,202501,Salaries & Wages,19883.98
74,1,202501,Rent & Utilities,9446.5
75,1,202501,Marketing,4305.87
76,1,202501,Logistics,3412.64
77,1,202501,Depreciation & Amortization,2857.97
78,1,202501,Other Admin,2113.94
79,1,202502,Salaries & Wages,19403.49
80,1,202502,Rent & Utilities,8981.05
81,1,202502,Marketing,4040.51
82,1,202502,Logistics,3409.46
83,1,202502,Depreciation & Amortization,2951.4
84,1,202502,Other Admin,2052.95
85,1,202503,Salaries & Wages,20973.48
86,1,202503,Rent & Utilities,9098.31
87,1,202503,Marketing,4044.82
88,1,202503,Logistics,3267.36
89,1,202503,Depreciation & Amortization,3080.87
90,1,202503,Other Admin,2102.54
91,1,202504,Salaries & Wages,21254.63
92,1,202504,Rent & Utilities,9325.1
93,1,202504,Marketing,4191.54
94,1,202504,Logistics,3260.2
95,1,202504,Depreciation & Amortization,2968.19
96,1,202504,Other Admin,2145.84
97,1,202505,Salaries & Wages,21359.53
98,1,202505,Rent & Utilities,9170.59
99,1,202505,Marketing,4136.61
100,1,202505,Logistics,3394.16
101,1,202505,Depreciation & Amortization,3073.62
102,1,202505,Other Admin,2104.97
103,1,202506,Salaries & Wages,19714.4
104,1,202506,Rent & Utilities,8885.36
105,1,202506,Marketing,4077.98
106,1,202506,Logistics,3322.73
107,1,202506,Depreciation & Amortization,2962.04
108,1,202506,Other Admin,2058.87
109,1,202507,Salaries & Wages,20087.22
110,1,202507,Rent & Utilities,9532.35
111,1,202507,Marketing,4142.05
112,1,202507,Logistics,3395.94
113,1,202507,Depreciation & Amortization,2978.01
114,1,202507,Other Admin,2015.17
115,1,202508,Salaries & Wages,19965.4
116,1,202508,Rent & Utilities,8975.47
117,1,202508,Marketing,4337.54
118,1,202508,Logistics,3429.09
119,1,202508,Depreciation & Amortization,2993.67
120,1,202508,Other Admin,2043.09
121,1,202509,Salaries & Wages,20690.48
122,1,202509,Rent & Utilities,9747.27
123,1,202509,Marketing,4399.43
124,1,202509,Logistics,3334.54
125,1,202509,Depreciation & Amortization,3081.67
126,1,202509,Other Admin,2022.86
127,1,202510,Salaries & Wages,20888.49
128,1,202510,Rent & Utilities,9172.84
129,1,202510,Marketing,4413.34
130,1,202510,Logistics,3387.82
131,1,202510,Depreciation & Amortization,3089.04
132,1,202510,Other Admin,2019.37
133,1,202511,Salaries & Wages,21185.88
134,1,202511,Rent & Utilities,8877.71
135,1,202511,Marketing,4395.59
136,1,202511,Logistics,3416.21
137,1,202511,Depreciation & Amortization,2866.38
138,1,202511,Other Admin,2059.58
139,1,202512,Salaries & Wages,19944.08
140,1,202512,Rent & Utilities,9575.74
141,1,202512,Marketing,4082.3
142,1,202512,Logistics,3367.74
143,1,202512,Depreciation & Amortization,3100.89
144,1,202512,Other Admin,2015.15
145,2,202401,Salaries & Wages,18881.97
146,2,202401,Rent & Utilities,8822.89
147,2,202401,Marketing,3839.1
148,2,202401,Logistics,3187.92
149,2,202401,Depreciation & Amortization,2939.31
150,2,202401,Other Admin,1924.42
151,2,202402,Salaries & Wages,19870.08
152,2,202402,Rent & Utilities,8589.27
153,2,202402,Marketing,4168.3
154,2,202402,Logistics,3272.86
155,2,202402,Depreciation & Amortization,2895.09
156,2,202402,Other Admin,2050.37
157,2,202403,Salaries & Wages,19897.74
158,2,202403,Rent & Utilities,8930.26
159,2,202403,Marketing,3992.01
160,2,202403,Logistics,3256.76
161,2,202403,Depreciation & Amortization,2760.36
162,2,202403,Other Admin,2042.3
163,2,202404,Salaries & Wages,19131.07
164,2,202404,Rent & Utilities,8489.46
165,2,202404,Marketing,4128.5
166,2,202404,Logistics,3138.24
167,2,202404,Depreciation & Amortization,2808.03
168,2,202404,Other Admin,2059.83
169,2,202405,Salaries & Wages,18870.7
170,2,202405,Rent & Utilities,8596.8
171,2,202405,Marketing,3836.06
172,2,202405,Logistics,3099.34
173,2,202405,Depreciation & Amortization,2718.83
174,2,202405,Other Admin,2088.93
175,2,202406,Salaries & Wages,19912.25
176,2,202406,Rent & Utilities,9108.22
177,2,202406,Marketing,3887.93
178,2,202406,Logistics,3242.09
179,2,202406,Depreciation & Amortization,2817.59
180,2,202406,Other Admin,2043.6
181,2,202407,Salaries & Wages,19045.23
182,2,202407,Rent & Utilities,8675.99
183,2,202407,Marketing,4167.86
184,2,202407,Logistics,3065.76
185,2,202407,Depreciation & Amortization,2926.65
186,2,202407,Other Admin,2057.0
187,2,202408,Salaries & Wages,19201.89
188,2,202408,Rent & Utilities,9048.9
189,2,202408,Marketing,4053.55
190,2,202408,Logistics,3143.37
191,2,202408,Depreciation & Amortization,2800.06
192,2,202408,Other Admin,2060.97
193,2,202409,Salaries & Wages,19731.21
194,2,202409,Rent & Utilities,8827.08
195,2,202409,Marketing,4173.79
196,2,202409,Logistics,3132.86
197,2,202409,Depreciation & Amortization,2791.01
198,2,202409,Other Admin,1973.5
199,2,202410,Salaries & Wages,18965.45
200,2,202410,Rent & Utilities,8788.79
201,2,202410,Marketing,3902.61
202,2,202410,Logistics,3317.56
203,2,202410,Depreciation & Amortization,2900.96
204,2,202410,Other Admin,2075.23
205,2,202411,Salaries & Wages,18919.2
206,2,202411,Rent & Utilities,9022.64
207,2,202411,Marketing,4154.04
208,2,202411,Logistics,3334.55
209,2,202411,Depreciation & Amortization,2861.4
210,2,202411,Other Admin,2090.21
211,2,202412,Salaries & Wages,19369.53
212,2,202412,Rent & Utilities,8926.65
213,2,202412,Marketing,3823.98
214,2,202412,Logistics,3078.73
215,2,202412,Depreciation & Amortization,2865.93
216,2,202412,Other Admin,2046.19
217,2,202501,Salaries & Wages,20198.58
218,2,202501,Rent & Utilities,9346.16
219,2,202501,Marketing,4375.56
220,2,202501,Logistics,3280.08
221,2,202501,Depreciation & Amortization,2866.8
222,2,202501,Other Admin,2095.19
223,2,202502,Salaries & Wages,20224.23
224,2,202502,Rent & Utilities,9225.73
225,2,202502,Marketing,4382.61
226,2,202502,Logistics,3489.58
227,2,202502,Depreciation & Amortization,2969.85
228,2,202502,Other Admin,2106.09
229,2,202503,Salaries & Wages,19407.14
230,2,202503,Rent & Utilities,9278.06
231,2,202503,Marketing,4035.01
232,2,202503,Logistics,3560.46
233,2,202503,Depreciation & Amortization,2989.36
234,2,202503,Other Admin,2166.03
235,2,202504,Salaries & Wages,20764.54
236,2,202504,Rent & Utilities,9603.63
237,2,202504,Marketing,4143.51
238,2,202504,Logistics,3481.17
239,2,202504,Depreciation & Amortization,3022.69
240,2,202504,Other Admin,2216.72
241,2,202505,Salaries & Wages,19686.71
242,2,202505,Rent & Utilities,9733.62
243,2,202505,Marketing,4319.57
244,2,202505,Logistics,3478.72
245,2,202505,Depreciation & Amortization,2960.19
246,2,202505,Other Admin,2063.7
247,2,202506,Salaries & Wages,20016.18
248,2,202506,Rent & Utilities,9016.39
249,2,202506,Marketing,4312.01
250,2,202506,Logistics,3520.39
251,2,202506,Depreciation & Amortization,2885.57
252,2,202506,Other Admin,2086.55
253,2,202507,Salaries & Wages,19800.67
254,2,202507,Rent & Utilities,9026.01
255,2,202507,Marketing,4381.71
256,2,202507,Logistics,3453.38
257,2,202507,Depreciation & Amortization,2852.62
258,2,202507,Other Admin,2116.78
259,2,202508,Salaries & Wages,19446.53
260,2,202508,Rent & Utilities,9701.83
261,2,202508,Marketing,4225.46
262,2,202508,Logistics,3501.63
263,2,202508,Depreciation & Amortization,3091.19
264,2,202508,Other Admin,2158.2
265,2,202509,Salaries & Wages,20831.4
266,2,202509,Rent & Utilities,9564.58
267,2,202509,Marketing,4342.7
268,2,202509,Logistics,3243.33
269,2,202509,Depreciation & Amortization,3057.61
270,2,202509,Other Admin,2081.82
271,2,202510,Salaries & Wages,19843.19
272,2,202510,Rent & Utilities,9167.39
273,2,202510,Marketing,4407.53
274,2,202510,Logistics,3385.2
275,2,202510,Depreciation & Amortization,3080.36
276,2,202510,Other Admin,2088.56
277,2,202511,Salaries & Wages,19665.5
278,2,202511,Rent & Utilities,9596.63
279,2,202511,Marketing,4264.01
280,2,202511,Logistics,3522.85
281,2,202511,Depreciation & Amortization,3089.72
282,2,202511,Other Admin,2093.81
283,2,202512,Salaries & Wages,19770.77
284,2,202512,Rent & Utilities,8931.12
285,2,202512,Marketing,4119.51
286,2,202512,Logistics,3306.53
287,2,202512,Depreciation & Amortization,2875.4
288,2,202512,Other Admin,2129.4
289,3,202401,Salaries & Wages,19808.29
290,3,202401,Rent & Utilities,9163.97
291,3,202401,Marketing,3834.01
292,3,202401,Logistics,3074.56
293,3,202401,Depreciation & Amortization,2841.66
294,3,202401,Other Admin,1978.09
295,3,202402,Salaries & Wages,18582.97
296,3,202402,Rent & Utilities,8791.32
297,3,202402,Marketing,3874.6
298,3,202402,Logistics,3328.53
299,3,202402,Depreciation & Amortization,2846.55
300,3,202402,Other Admin,2046.4
301,3,202403,Salaries & Wages,19679.23
302,3,202403,Rent & Utilities,9227.69
303,3,202403,Marketing,4139.47
304,3,202403,Logistics,3284.07
305,3,202403,Depreciation & Amortization,2872.94
306,3,202403,Other Admin,1931.6
307,3,202404,Salaries & Wages,19014.47
308,3,202404,Rent & Utilities,9080.63
309,3,202404,Marketing,4100.05
310,3,202404,Logistics,3236.17
311,3,202404,Depreciation & Amortization,2683.89
312,3,202404,Other Admin,1959.74
313,3,202405,Salaries & Wages,18921.26
314,3,202405,Rent & Utilities,9094.43
315,3,202405,Marketing,4143.24
316,3,202405,Logistics,3298.4
317,3,202405,Depreciation & Amortization,2816.4
318,3,202405,Other Admin,2084.98
319,3,202406,Salaries & Wages,18798.47
320,3,202406,Rent & Utilities,9155.28
321,3,202406,Marketing,3819.73
322,3,202406,Logistics,3057.55
323,3,202406,Depreciation & Amortization,2829.9
324,3,202406,Other Admin,1942.78
325,3,202407,Salaries & Wages,18898.18
326,3,202407,Rent & Utilities,8501.83
327,3,202407,Marketing,3821.23
328,3,202407,Logistics,3197.6
329,3,202407,Depreciation & Amortization,2697.73
330,3,202407,Other Admin,1952.74
331,3,202408,Salaries & Wages,18720.6
332,3,202408,Rent & Utilities,9072.17
333,3,202408,Marketing,4119.4
334,3,202408,Logistics,3108.4
335,3,202408,Depreciation & Amortization,2733.6
336,3,202408,Other Admin,1965.99
337,3,202409,Salaries & Wages,19785.1
338,3,202409,Rent & Utilities,8492.6
339,3,202409,Marketing,3961.09
340,3,202409,Logistics,3072.47
341,3,202409,Depreciation & Amortization,2674.55
342,3,202409,Other Admin,1942.14
343,3,202410,Salaries & Wages,19782.73
344,3,202410,Rent & Utilities,8484.26
345,3,202410,Marketing,3962.01
346,3,202410,Logistics,3165.13
347,3,202410,Depreciation & Amortization,2938.25
348,3,202410,Other Admin,2071.93
349,3,202411,Salaries & Wages,19049.31
350,3,202411,Rent & Utilities,8635.13
351,3,202411,Marketing,3803.5
352,3,202411,Logistics,3075.47
353,3,202411,Depreciation & Amortization,2828.73
354,3,202411,Other Admin,1993.16
355,3,202412,Salaries & Wages,19317.55
356,3,202412,Rent & Utilities,8924.64
357,3,202412,Marketing,4026.93
358,3,202412,Logistics,3244.76
359,3,202412,Depreciation & Amortization,2731.14
360,3,202412,Other Admin,2001.35
361,3,202501,Salaries & Wages,19899.65
362,3,202501,Rent & Utilities,9381.56
363,3,202501,Marketing,4295.53
364,3,202501,Logistics,3528.87
365,3,202501,Depreciation & Amortization,3075.66
366,3,202501,Other Admin,2072.9
367,3,202502,Salaries & Wages,19837.45
368,3,202502,Rent & Utilities,9392.74
369,3,202502,Marketing,4236.15
370,3,202502,Logistics,3525.92
371,3,202502,Depreciation & Amortization,3096.59
372,3,202502,Other Admin,2044.29
373,3,202503,Salaries & Wages,19497.36
374,3,202503,Rent & Utilities,8866.28
375,3,202503,Marketing,4358.91
376,3,202503,Logistics,3244.64
377,3,202503,Depreciation & Amortization,3059.34
378,3,202503,Other Admin,2089.56
379,3,202504,Salaries & Wages,21312.74
380,3,202504,Rent & Utilities,9023.96
381,3,202504,Marketing,4403.62
382,3,202504,Logistics,3445.84
383,3,202504,Depreciation & Amortization,3011.95
384,3,202504,Other Admin,2165.36
385,3,202505,Salaries & Wages,20716.33
386,3,202505,Rent & Utilities,9419.71
387,3,202505,Marketing,4179.1
388,3,202505,Logistics,3491.34
389,3,202505,Depreciation & Amortization,2941.73
390,3,202505,Other Admin,2063.29
391,3,202506,Salaries & Wages,21231.79
392,3,202506,Rent & Utilities,9734.23
393,3,202506,Marketing,4162.38
394,3,202506,Logistics,3455.94
395,3,202506,Depreciation & Amortization,2880.88
396,3,202506,Other Admin,2197.88
397,3,202507,Salaries & Wages,20979.8
398,3,202507,Rent & Utilities,9619.13
399,3,202507,Marketing,4388.93
400,3,202507,Logistics,3240.48
401,3,202507,Depreciation & Amortization,3114.03
402,3,202507,Other Admin,2095.37
403,3,202508,Salaries & Wages,20907.65
404,3,202508,Rent & Utilities,9683.41
405,3,202508,Marketing,4216.64
406,3,202508,Logistics,3270.46
407,3,202508,Depreciation & Amortization,2945.35
408,3,202508,Other Admin,2115.93
409,3,202509,Salaries & Wages,19471.6
410,3,202509,Rent & Utilities,9678.03
411,3,202509,Marketing,4320.21
412,3,202509,Logistics,3300.89
413,3,202509,Depreciation & Amortization,2824.23
414,3,202509,Other Admin,2146.92
415,3,202510,Salaries & Wages,19949.49
416,3,202510,Rent & Utilities,9585.59
417,3,202510,Marketing,4065.98
418,3,202510,Logistics,3253.23
419,3,202510,Depreciation & Amortization,3070.52
420,3,202510,Other Admin,2070.18
421,3,202511,Salaries & Wages,20333.5
422,3,202511,Rent & Utilities,8957.64
423,3,202511,Marketing,4216.17
424,3,202511,Logistics,3460.72
425,3,202511,Depreciation & Amortization,3055.23
426,3,202511,Other Admin,2120.56
427,3,202512,Salaries & Wages,19680.53
428,3,202512,Rent & Utilities,9429.6
429,3,202512,Marketing,4418.67
430,3,202512,Logistics,3340.28
431,3,202512,Depreciation & Amortization,2991.69
432,3,202512,Other Admin,2145.16
433,4,202401,Salaries & Wages,18653.76
434,4,202401,Rent & Utilities,8487.22
435,4,202401,Marketing,3937.16
436,4,202401,Logistics,3228.67
437,4,202401,Depreciation & Amortization,2731.26
438,4,202401,Other Admin,1916.04
439,4,202402,Salaries & Wages,20145.69
440,4,202402,Rent & Utilities,9106.13
441,4,202402,Marketing,4115.88
442,4,202402,Logistics,3169.74
443,4,202402,Depreciation & Amortization,2697.0
444,4,202402,Other Admin,2015.38
445,4,202403,Salaries & Wages,19240.87
446,4,202403,Rent & Utilities,9004.65
447,4,202403,Marketing,4118.02
448,4,202403,Logistics,3327.51
449,4,202403,Depreciation & Amortization,2753.26
450,4,202403,Other Admin,1963.09
451,4,202404,Salaries & Wages,18435.78
452,4,202404,Rent & Utilities,8966.98
453,4,202404,Marketing,3809.07
454,4,202404,Logistics,3040.95
455,4,202404,Depreciation & Amortization,2780.03
456,4,202404,Other Admin,2042.88
457,4,202405,Salaries & Wages,19686.2
458,4,202405,Rent & Utilities,8746.3
459,4,202405,Marketing,4197.64
460,4,202405,Logistics,3150.87
461,4,202405,Depreciation & Amortization,2807.74
462,4,202405,Other Admin,1960.6
463,4,202406,Salaries & Wages,19934.75
464,4,202406,Rent & Utilities,8365.3
465,4,202406,Marketing,4171.59
466,4,202406,Logistics,3061.65
467,4,202406,Depreciation & Amortization,2679.74
468,4,202406,Other Admin,1999.08
469,4,202407,Salaries & Wages,19532.3
470,4,202407,Rent & Utilities,8454.01
471,4,202407,Marketing,4104.65
472,4,202407,Logistics,3319.06
473,4,202407,Depreciation & Amortization,2908.69
474,4,202407,Other Admin,2089.01
475,4,202408,Salaries & Wages,18431.11
476,4,202408,Rent & Utilities,8854.39
477,4,202408,Marketing,3818.05
478,4,202408,Logistics,3068.21
479,4,202408,Depreciation & Amortization,2935.18
480,4,202408,Other Admin,1977.29
481,4,202409,Salaries & Wages,19600.31
482,4,202409,Rent & Utilities,8764.18
483,4,202409,Marketing,4183.56
484,4,202409,Logistics,3339.4
485,4,202409,Depreciation & Amortization,2720.29
486,4,202409,Other Admin,1998.32
487,4,202410,Salaries & Wages,19032.06
488,4,202410,Rent & Utilities,8685.73
489,4,202410,Marketing,4018.11
490,4,202410,Logistics,3103.44
491,4,202410,Depreciation & Amortization,2888.8
492,4,202410,Other Admin,2072.21
493,4,202411,Salaries & Wages,19284.32
494,4,202411,Rent & Utilities,9134.25
495,4,202411,Marketing,4114.36
496,4,202411,Logistics,3334.05
497,4,202411,Depreciation & Amortization,2861.88
498,4,202411,Other Admin,1926.46
499,4,202412,Salaries & Wages,18593.83
500,4,202412,Rent & Utilities,8736.56
501,4,202412,Marketing,3807.38
502,4,202412,Logistics,3044.98
503,4,202412,Depreciation & Amortization,2883.67
504,4,202412,Other Admin,1950.48
505,4,202501,Salaries & Wages,19441.99
506,4,202501,Rent & Utilities,9172.54
507,4,202501,Marketing,4225.48
508,4,202501,Logistics,3387.35
509,4,202501,Depreciation & Amortization,2898.85
510,4,202501,Other Admin,2066.35
511,4,202502,Salaries & Wages,19831.25
512,4,202502,Rent & Utilities,9547.64
513,4,202502,Marketing,4354.09
514,4,202502,Logistics,3335.95
515,4,202502,Depreciation & Amortization,3105.84
516,4,202502,Other Admin,2121.34
517,4,202503,Salaries & Wages,19638.65
518,4,202503,Rent & Utilities,9607.82
519,4,202503,Marketing,4142.25
520,4,202503,Logistics,3380.33
521,4,202503,Depreciation & Amortization,2939.8
522,4,202503,Other Admin,2017.07
523,4,202504,Salaries & Wages,19913.8
524,4,202504,Rent & Utilities,9694.47
525,4,202504,Marketing,4263.47
526,4,202504,Logistics,3432.1
527,4,202504,Depreciation & Amortization,2829.07
528,4,202504,Other Admin,2073.52
529,4,202505,Salaries & Wages,20269.39
530,4,202505,Rent & Utilities,8976.43
531,4,202505,Marketing,4137.85
532,4,202505,Logistics,3243.43
533,4,202505,Depreciation & Amortization,3016.13
534,4,202505,Other Admin,2049.76
535,4,202506,Salaries & Wages,20950.75
536,4,202506,Rent & Utilities,9449.62
537,4,202506,Marketing,4361.94
538,4,202506,Logistics,3534.86
539,4,202506,Depreciation & Amortization,3028.58
540,4,202506,Other Admin,2100.69
541,4,202507,Salaries & Wages,19387.47
542,4,202507,Rent & Utilities,9493.9
543,4,202507,Marketing,4306.5
544,4,202507,Logistics,3538.35
545,4,202507,Depreciation & Amortization,3008.79
546,4,202507,Other Admin,2107.07
547,4,202508,Salaries & Wages,20854.57
548,4,202508,Rent & Utilities,9363.86
549,4,202508,Marketing,4067.04
550,4,202508,Logistics,3272.06
551,4,202508,Depreciation & Amortization,3080.49
552,4,202508,Other Admin,2100.42
553,4,202509,Salaries & Wages,19825.39
554,4,202509,Rent & Utilities,8957.12
555,4,202509,Marketing,4446.07
556,4,202509,Logistics,3297.24
557,4,202509,Depreciation & Amortization,3055.79
558,4,202509,Other Admin,2020.72
559,4,202510,Salaries & Wages,21199.14
560,4,202510,Rent & Utilities,9189.96
561,4,202510,Marketing,4076.07
562,4,202510,Logistics,3545.76
563,4,202510,Depreciation & Amortization,2987.51
564,4,202510,Other Admin,2223.41
565,4,202511,Salaries & Wages,20859.75
566,4,202511,Rent & Utilities,9706.74
567,4,202511,Marketing,4406.53
568,4,202511,Logistics,3555.83
569,4,202511,Depreciation & Amortization,2991.59
570,4,202511,Other Admin,2055.03
571,4,202512,Salaries & Wages,19896.44
572,4,202512,Rent & Utilities,9453.98
573,4,202512,Marketing,4091.66
574,4,202512,Logistics,3472.62
575,4,202512,Depreciation & Amortization,2959.91
576,4,202512,Other Admin,2040.55
577,5,202401,Salaries & Wages,19556.51
578,5,202401,Rent & Utilities,8657.37
579,5,202401,Marketing,3854.85
580,5,202401,Logistics,3326.18
581,5,202401,Depreciation & Amortization,2914.89
582,5,202401,Other Admin,2076.03
583,5,202402,Salaries & Wages,20037.81
584,5,202402,Rent & Utilities,8451.31
585,5,202402,Marketing,3991.84
586,5,202402,Logistics,3250.09
587,5,202402,Depreciation & Amortization,2669.36
588,5,202402,Other Admin,1920.88
589,5,202403,Salaries & Wages,19426.8
590,5,202403,Rent & Utilities,9143.72
591,5,202403,Marketing,3809.76
592,5,202403,Logistics,3167.07
593,5,202403,Depreciation & Amortization,2669.62
594,5,202403,Other Admin,1985.46
595,5,202404,Salaries & Wages,18603.7
596,5,202404,Rent & Utilities,8469.03
597,5,202404,Marketing,4195.29
598,5,202404,Logistics,3152.39
599,5,202404,Depreciation & Amortization,2886.24
600,5,202404,Other Admin,2004.41
601,5,202405,Salaries & Wages,18883.27
602,5,202405,Rent & Utilities,9207.89
603,5,202405,Marketing,4135.67
604,5,202405,Logistics,3296.41
605,5,202405,Depreciation & Amortization,2743.22
606,5,202405,Other Admin,2089.6
607,5,202406,Salaries & Wages,19539.52
608,5,202406,Rent & Utilities,9140.48
609,5,202406,Marketing,4092.16
610,5,202406,Logistics,3358.63
611,5,202406,Depreciation & Amortization,2832.19
612,5,202406,Other Admin,1921.59
613,5,202407,Salaries & Wages,18566.59
614,5,202407,Rent & Utilities,9031.1
615,5,202407,Marketing,4133.26
616,5,202407,Logistics,3167.82
617,5,202407,Depreciation & Amortization,2717.65
618,5,202407,Other Admin,2058.29
619,5,202408,Salaries & Wages,19661.46
620,5,202408,Rent & Utilities,8437.52
621,5,202408,Marketing,4109.54
622,5,202408,Logistics,3073.53
623,5,202408,Depreciation & Amortization,2845.93
624,5,202408,Other Admin,2043.29
625,5,202409,Salaries & Wages,18292.5
626,5,202409,Rent & Utilities,8499.2
627,5,202409,Marketing,4149.58
628,5,202409,Logistics,3196.21
629,5,202409,Depreciation & Amortization,2837.61
630,5,202409,Other Admin,2069.27
631,5,202410,Salaries & Wages,18459.5
632,5,202410,Rent & Utilities,8867.7
633,5,202410,Marketing,4063.32
634,5,202410,Logistics,3122.64
635,5,202410,Depreciation & Amortization,2887.64
636,5,202410,Other Admin,1973.16
637,5,202411,Salaries & Wages,18768.93
638,5,202411,Rent & Utilities,9012.56
639,5,202411,Marketing,3888.09
640,5,202411,Logistics,3268.08
641,5,202411,Depreciation & Amortization,2926.92
642,5,202411,Other Admin,2063.49
643,5,202412,Salaries & Wages,20038.23
644,5,202412,Rent & Utilities,9072.31
645,5,202412,Marketing,3810.17
646,5,202412,Logistics,3097.77
647,5,202412,Depreciation & Amortization,2717.9
648,5,202412,Other Admin,1915.65
649,5,202501,Salaries & Wages,20024.71
650,5,202501,Rent & Utilities,9684.16
651,5,202501,Marketing,4278.43
652,5,202501,Logistics,3332.1
653,5,202501,Depreciation & Amortization,3023.29
654,5,202501,Other Admin,2155.88
655,5,202502,Salaries & Wages,21293.44
656,5,202502,Rent & Utilities,9054.88
657,5,202502,Marketing,4303.64
658,5,202502,Logistics,3322.1
659,5,202502,Depreciation & Amortization,3090.36
660,5,202502,Other Admin,2062.39
661,5,202503,Salaries & Wages,20970.76
662,5,202503,Rent & Utilities,9020.81
663,5,202503,Marketing,4321.62
664,5,202503,Logistics,3280.15
665,5,202503,Depreciation & Amortization,3098.67
666,5,202503,Other Admin,2098.66
667,5,202504,Salaries & Wages,20682.59
668,5,202504,Rent & Utilities,8968.34
669,5,202504,Marketing,4091.96
670,5,202504,Logistics,3237.14
671,5,202504,Depreciation & Amortization,2872.59
672,5,202504,Other Admin,2030.17
673,5,202505,Salaries & Wages,19668.85
674,5,202505,Rent & Utilities,8900.5
675,5,202505,Marketing,4362.65
676,5,202505,Logistics,3493.23
677,5,202505,Depreciation & Amortization,3071.05
678,5,202505,Other Admin,2182.97
679,5,202506,Salaries & Wages,20245.73
680,5,202506,Rent & Utilities,9668.63
681,5,202506,Marketing,4266.15
682,5,202506,Logistics,3485.85
683,5,202506,Depreciation & Amortization,3070.9
684,5,202506,Other Admin,2127.76
685,5,202507,Salaries & Wages,20742.77
686,5,202507,Rent & Utilities,9114.71
687,5,202507,Marketing,4446.11
688,5,202507,Logistics,3274.85
689,5,202507,Depreciation & Amortization,2969.23
690,5,202507,Other Admin,2182.18
691,5,202508,Salaries & Wages,20250.18
692,5,202508,Rent & Utilities,9336.78
693,5,202508,Marketing,4167.96
694,5,202508,Logistics,3391.4
695,5,202508,Depreciation & Amortization,2923.49
696,5,202508,Other Admin,2067.38
697,5,202509,Salaries & Wages,20931.72
698,5,202509,Rent & Utilities,9451.49
699,5,202509,Marketing,4284.45
700,5,202509,Logistics,3402.43
701,5,202509,Depreciation & Amortization,3016.43
702,5,202509,Other Admin,2151.81
703,5,202510,Salaries & Wages,21368.98
704,5,202510,Rent & Utilities,9693.14
705,5,202510,Marketing,4129.29
706,5,202510,Logistics,3406.11
707,5,202510,Depreciation & Amortization,2971.44
708,5,202510,Other Admin,2111.4
709,5,202511,Salaries & Wages,20124.94
710,5,202511,Rent & Utilities,9607.21
711,5,202511,Marketing,4263.75
712,5,202511,Logistics,3301.02
713,5,202511,Depreciation & Amortization,2867.32
714,5,202511,Other Admin,2117.1
715,5,202512,Salaries & Wages,20461.82
716,5,202512,Rent & Utilities,9505.54
717,5,202512,Marketing,4092.01
718,5,202512,Logistics,3306.65
719,5,202512,Depreciation & Amortization,3041.79
720,5,202512,Other Admin,2146.7
